,userId,userName,userPassword,userEmail
0,1,Liam,password1,Liam@email.com
1,2,Noah,password2,Noah@email.com
2,3,Oliver,password3,Oliver@email.com
3,4,Elijah,password4,Elijah@email.com
4,5,James,password5,James@email.com
5,6,William,password6,William@email.com
6,7,Benjamin,password7,Benjamin@email.com
7,8,Lucas,password8,Lucas@email.com
8,9,Henry,password9,Henry@email.com
9,10,Theodore,password10,Theodore@email.com
10,11,Jack,password11,Jack@email.com
11,12,Levi,password12,Levi@email.com
12,13,Alexander,password13,Alexander@email.com
13,14,Jackson,password14,Jackson@email.com
14,15,Mateo,password15,Mateo@email.com
15,16,Daniel,password16,Daniel@email.com
16,17,Michael,password17,Michael@email.com
17,18,Mason,password18,Mason@email.com
18,19,Sebastian,password19,Sebastian@email.com
19,20,Ethan,password20,Ethan@email.com
20,21,Logan,password21,Logan@email.com
21,22,Owen,password22,Owen@email.com
22,23,Samuel,password23,Samuel@email.com
23,24,Jacob,password24,Jacob@email.com
24,25,Asher,password25,Asher@email.com
25,26,Aiden,password26,Aiden@email.com
26,27,John,password27,John@email.com
27,28,Joseph,password28,Joseph@email.com
28,29,Wyatt,password29,Wyatt@email.com
29,30,David,password30,David@email.com
30,31,Leo,password31,Leo@email.com
31,32,Luke,password32,Luke@email.com
32,33,Julian,password33,Julian@email.com
33,34,Hudson,password34,Hudson@email.com
34,35,Grayson,password35,Grayson@email.com
35,36,Matthew,password36,Matthew@email.com
36,37,Ezra,password37,Ezra@email.com
37,38,Gabriel,password38,Gabriel@email.com
38,39,Carter,password39,Carter@email.com
39,40,Isaac,password40,Isaac@email.com
40,41,Jayden,password41,Jayden@email.com
41,42,Luca,password42,Luca@email.com
42,43,Anthony,password43,Anthony@email.com
43,44,Dylan,password44,Dylan@email.com
44,45,Lincoln,password45,Lincoln@email.com
45,46,Thomas,password46,Thomas@email.com
46,47,Maverick,password47,Maverick@email.com
47,48,Elias,password48,Elias@email.com
48,49,Josiah,password49,Josiah@email.com
49,50,Charles,password50,Charles@email.com
50,51,Caleb,password51,Caleb@email.com
51,52,Christopher,password52,Christopher@email.com
52,53,Ezekiel,password53,Ezekiel@email.com
53,54,Miles,password54,Miles@email.com
54,55,Jaxon,password55,Jaxon@email.com
55,56,Isaiah,password56,Isaiah@email.com
56,57,Andrew,password57,Andrew@email.com
57,58,Joshua,password58,Joshua@email.com
58,59,Nathan,password59,Nathan@email.com
59,60,Nolan,password60,Nolan@email.com
60,61,Adrian,password61,Adrian@email.com
61,62,Cameron,password62,Cameron@email.com
62,63,Santiago,password63,Santiago@email.com
63,64,Eli,password64,Eli@email.com
64,65,Aaron,password65,Aaron@email.com
65,66,Ryan,password66,Ryan@email.com
66,67,Angel,password67,Angel@email.com
67,68,Cooper,password68,Cooper@email.com
68,69,Waylon,password69,Waylon@email.com
69,70,Easton,password70,Easton@email.com
70,71,Kai,password71,Kai@email.com
71,72,Christian,password72,Christian@email.com
72,73,Landon,password73,Landon@email.com
73,74,Colton,password74,Colton@email.com
74,75,Roman,password75,Roman@email.com
75,76,Axel,password76,Axel@email.com
76,77,Brooks,password77,Brooks@email.com
77,78,Jonathan,password78,Jonathan@email.com
78,79,Robert,password79,Robert@email.com
79,80,Jameson,password80,Jameson@email.com
80,81,Ian,password81,Ian@email.com
81,82,Everett,password82,Everett@email.com
82,83,Greyson,password83,Greyson@email.com
83,84,Wesley,password84,Wesley@email.com
84,85,Jeremiah,password85,Jeremiah@email.com
85,86,Hunter,password86,Hunter@email.com
86,87,Leonardo,password87,Leonardo@email.com
87,88,Jordan,password88,Jordan@email.com
88,89,Jose,password89,Jose@email.com
89,90,Bennett,password90,Bennett@email.com
90,91,Silas,password91,Silas@email.com
91,92,Nicholas,password92,Nicholas@email.com
92,93,Parker,password93,Parker@email.com
93,94,Beau,password94,Beau@email.com
94,95,Weston,password95,Weston@email.com
95,96,Austin,password96,Austin@email.com
96,97,Connor,password97,Connor@email.com
97,98,Carson,password98,Carson@email.com
98,99,Dominic,password99,Dominic@email.com
99,100,Xavier,password100,Xavier@email.com
100,101,Jaxson,password101,Jaxson@email.com
101,102,Jace,password102,Jace@email.com
102,103,Emmett,password103,Emmett@email.com
103,104,Adam,password104,Adam@email.com
104,105,Declan,password105,Declan@email.com
105,106,Rowan,password106,Rowan@email.com
106,107,Micah,password107,Micah@email.com
107,108,Kayden,password108,Kayden@email.com
108,109,Gael,password109,Gael@email.com
109,110,River,password110,River@email.com
110,111,Ryder,password111,Ryder@email.com
111,112,Kingston,password112,Kingston@email.com
112,113,Damian,password113,Damian@email.com
113,114,Sawyer,password114,Sawyer@email.com
114,115,Luka,password115,Luka@email.com
115,116,Evan,password116,Evan@email.com
116,117,Vincent,password117,Vincent@email.com
117,118,Legend,password118,Legend@email.com
118,119,Myles,password119,Myles@email.com
119,120,Harrison,password120,Harrison@email.com
120,121,August,password121,August@email.com
121,122,Bryson,password122,Bryson@email.com
122,123,Amir,password123,Amir@email.com
123,124,Giovanni,password124,Giovanni@email.com
124,125,Chase,password125,Chase@email.com
125,126,Diego,password126,Diego@email.com
126,127,Milo,password127,Milo@email.com
127,128,Jasper,password128,Jasper@email.com
128,129,Walker,password129,Walker@email.com
129,130,Jason,password130,Jason@email.com
130,131,Brayden,password131,Brayden@email.com
131,132,Cole,password132,Cole@email.com
132,133,Nathaniel,password133,Nathaniel@email.com
133,134,George,password134,George@email.com
134,135,Lorenzo,password135,Lorenzo@email.com
135,136,Zion,password136,Zion@email.com
136,137,Luis,password137,Luis@email.com
137,138,Archer,password138,Archer@email.com
138,139,Enzo,password139,Enzo@email.com
139,140,Jonah,password140,Jonah@email.com
140,141,Thiago,password141,Thiago@email.com
141,142,Theo,password142,Theo@email.com
142,143,Ayden,password143,Ayden@email.com
143,144,Zachary,password144,Zachary@email.com
144,145,Calvin,password145,Calvin@email.com
145,146,Braxton,password146,Braxton@email.com
146,147,Ashton,password147,Ashton@email.com
147,148,Rhett,password148,Rhett@email.com
148,149,Atlas,password149,Atlas@email.com
149,150,Jude,password150,Jude@email.com
150,151,Bentley,password151,Bentley@email.com
151,152,Carlos,password152,Carlos@email.com
152,153,Ryker,password153,Ryker@email.com
153,154,Adriel,password154,Adriel@email.com
154,155,Arthur,password155,Arthur@email.com
155,156,Ace,password156,Ace@email.com
156,157,Tyler,password157,Tyler@email.com
157,158,Jayce,password158,Jayce@email.com
158,159,Max,password159,Max@email.com
159,160,Elliot,password160,Elliot@email.com
160,161,Graham,password161,Graham@email.com
161,162,Kaiden,password162,Kaiden@email.com
162,163,Maxwell,password163,Maxwell@email.com
163,164,Juan,password164,Juan@email.com
164,165,Dean,password165,Dean@email.com
165,166,Matteo,password166,Matteo@email.com
166,167,Malachi,password167,Malachi@email.com
167,168,Ivan,password168,Ivan@email.com
168,169,Elliott,password169,Elliott@email.com
169,170,Jesus,password170,Jesus@email.com
170,171,Emiliano,password171,Emiliano@email.com
171,172,Messiah,password172,Messiah@email.com
172,173,Gavin,password173,Gavin@email.com
173,174,Maddox,password174,Maddox@email.com
174,175,Camden,password175,Camden@email.com
175,176,Hayden,password176,Hayden@email.com
176,177,Leon,password177,Leon@email.com
177,178,Antonio,password178,Antonio@email.com
178,179,Justin,password179,Justin@email.com
179,180,Tucker,password180,Tucker@email.com
180,181,Brandon,password181,Brandon@email.com
181,182,Kevin,password182,Kevin@email.com
182,183,Judah,password183,Judah@email.com
183,184,Finn,password184,Finn@email.com
184,185,King,password185,King@email.com
185,186,Brody,password186,Brody@email.com
186,187,Xander,password187,Xander@email.com
187,188,Nicolas,password188,Nicolas@email.com
188,189,Charlie,password189,Charlie@email.com
189,190,Arlo,password190,Arlo@email.com
190,191,Emmanuel,password191,Emmanuel@email.com
191,192,Barrett,password192,Barrett@email.com
192,193,Felix,password193,Felix@email.com
193,194,Alex,password194,Alex@email.com
194,195,Miguel,password195,Miguel@email.com
195,196,Abel,password196,Abel@email.com
196,197,Alan,password197,Alan@email.com
197,198,Beckett,password198,Beckett@email.com
198,199,Amari,password199,Amari@email.com
199,200,Karter,password200,Karter@email.com
200,201,Timothy,password201,Timothy@email.com
201,202,Abraham,password202,Abraham@email.com
202,203,Jesse,password203,Jesse@email.com
203,204,Zayden,password204,Zayden@email.com
204,205,Blake,password205,Blake@email.com
205,206,Alejandro,password206,Alejandro@email.com
206,207,Dawson,password207,Dawson@email.com
207,208,Tristan,password208,Tristan@email.com
208,209,Victor,password209,Victor@email.com
209,210,Avery,password210,Avery@email.com
210,211,Joel,password211,Joel@email.com
211,212,Grant,password212,Grant@email.com
212,213,Eric,password213,Eric@email.com
213,214,Patrick,password214,Patrick@email.com
214,215,Peter,password215,Peter@email.com
215,216,Richard,password216,Richard@email.com
216,217,Edward,password217,Edward@email.com
217,218,Andres,password218,Andres@email.com
218,219,Emilio,password219,Emilio@email.com
219,220,Colt,password220,Colt@email.com
220,221,Knox,password221,Knox@email.com
221,222,Beckham,password222,Beckham@email.com
222,223,Adonis,password223,Adonis@email.com
223,224,Kyrie,password224,Kyrie@email.com
224,225,Matias,password225,Matias@email.com
225,226,Oscar,password226,Oscar@email.com
226,227,Lukas,password227,Lukas@email.com
227,228,Marcus,password228,Marcus@email.com
228,229,Hayes,password229,Hayes@email.com
229,230,Caden,password230,Caden@email.com
230,231,Remington,password231,Remington@email.com
231,232,Griffin,password232,Griffin@email.com
232,233,Nash,password233,Nash@email.com
233,234,Israel,password234,Israel@email.com
234,235,Steven,password235,Steven@email.com
235,236,Holden,password236,Holden@email.com
236,237,Rafael,password237,Rafael@email.com
237,238,Zane,password238,Zane@email.com
238,239,Jeremy,password239,Jeremy@email.com
239,240,Kash,password240,Kash@email.com
240,241,Preston,password241,Preston@email.com
241,242,Kyler,password242,Kyler@email.com
242,243,Jax,password243,Jax@email.com
243,244,Jett,password244,Jett@email.com
244,245,Kaleb,password245,Kaleb@email.com
245,246,Riley,password246,Riley@email.com
246,247,Simon,password247,Simon@email.com
247,248,Phoenix,password248,Phoenix@email.com
248,249,Javier,password249,Javier@email.com
249,250,Bryce,password250,Bryce@email.com
250,251,Louis,password251,Louis@email.com
251,252,Mark,password252,Mark@email.com
252,253,Cash,password253,Cash@email.com
253,254,Lennox,password254,Lennox@email.com
254,255,Paxton,password255,Paxton@email.com
255,256,Malakai,password256,Malakai@email.com
256,257,Paul,password257,Paul@email.com
257,258,Kenneth,password258,Kenneth@email.com
258,259,Nico,password259,Nico@email.com
259,260,Kaden,password260,Kaden@email.com
260,261,Lane,password261,Lane@email.com
261,262,Kairo,password262,Kairo@email.com
262,263,Maximus,password263,Maximus@email.com
263,264,Omar,password264,Omar@email.com
264,265,Finley,password265,Finley@email.com
265,266,Atticus,password266,Atticus@email.com
266,267,Crew,password267,Crew@email.com
267,268,Brantley,password268,Brantley@email.com
268,269,Colin,password269,Colin@email.com
269,270,Dallas,password270,Dallas@email.com
270,271,Walter,password271,Walter@email.com
271,272,Brady,password272,Brady@email.com
272,273,Callum,password273,Callum@email.com
273,274,Ronan,password274,Ronan@email.com
274,275,Hendrix,password275,Hendrix@email.com
275,276,Jorge,password276,Jorge@email.com
276,277,Tobias,password277,Tobias@email.com
277,278,Clayton,password278,Clayton@email.com
278,279,Emerson,password279,Emerson@email.com
279,280,Damien,password280,Damien@email.com
280,281,Zayn,password281,Zayn@email.com
281,282,Malcolm,password282,Malcolm@email.com
282,283,Kayson,password283,Kayson@email.com
283,284,Bodhi,password284,Bodhi@email.com
284,285,Bryan,password285,Bryan@email.com
285,286,Aidan,password286,Aidan@email.com
286,287,Cohen,password287,Cohen@email.com
287,288,Brian,password288,Brian@email.com
288,289,Cayden,password289,Cayden@email.com
289,290,Andre,password290,Andre@email.com
290,291,Niko,password291,Niko@email.com
291,292,Maximiliano,password292,Maximiliano@email.com
292,293,Zander,password293,Zander@email.com
293,294,Khalil,password294,Khalil@email.com
294,295,Rory,password295,Rory@email.com
295,296,Francisco,password296,Francisco@email.com
296,297,Cruz,password297,Cruz@email.com
297,298,Kobe,password298,Kobe@email.com
298,299,Reid,password299,Reid@email.com
299,300,Daxton,password300,Daxton@email.com
300,301,Derek,password301,Derek@email.com
301,302,Martin,password302,Martin@email.com
302,303,Jensen,password303,Jensen@email.com
303,304,Karson,password304,Karson@email.com
304,305,Tate,password305,Tate@email.com
305,306,Muhammad,password306,Muhammad@email.com
306,307,Jaden,password307,Jaden@email.com
307,308,Joaquin,password308,Joaquin@email.com
308,309,Josue,password309,Josue@email.com
309,310,Gideon,password310,Gideon@email.com
310,311,Dante,password311,Dante@email.com
311,312,Cody,password312,Cody@email.com
312,313,Bradley,password313,Bradley@email.com
313,314,Orion,password314,Orion@email.com
314,315,Spencer,password315,Spencer@email.com
315,316,Angelo,password316,Angelo@email.com
316,317,Erick,password317,Erick@email.com
317,318,Jaylen,password318,Jaylen@email.com
318,319,Julius,password319,Julius@email.com
319,320,Manuel,password320,Manuel@email.com
320,321,Ellis,password321,Ellis@email.com
321,322,Colson,password322,Colson@email.com
322,323,Cairo,password323,Cairo@email.com
323,324,Gunner,password324,Gunner@email.com
324,325,Wade,password325,Wade@email.com
325,326,Chance,password326,Chance@email.com
326,327,Odin,password327,Odin@email.com
327,328,Anderson,password328,Anderson@email.com
328,329,Kane,password329,Kane@email.com
329,330,Raymond,password330,Raymond@email.com
330,331,Cristian,password331,Cristian@email.com
331,332,Aziel,password332,Aziel@email.com
332,333,Prince,password333,Prince@email.com
333,334,Ezequiel,password334,Ezequiel@email.com
334,335,Jake,password335,Jake@email.com
335,336,Otto,password336,Otto@email.com
336,337,Eduardo,password337,Eduardo@email.com
337,338,Rylan,password338,Rylan@email.com
338,339,Ali,password339,Ali@email.com
339,340,Cade,password340,Cade@email.com
340,341,Stephen,password341,Stephen@email.com
341,342,Ari,password342,Ari@email.com
342,343,Kameron,password343,Kameron@email.com
343,344,Dakota,password344,Dakota@email.com
344,345,Warren,password345,Warren@email.com
345,346,Ricardo,password346,Ricardo@email.com
346,347,Killian,password347,Killian@email.com
347,348,Mario,password348,Mario@email.com
348,349,Romeo,password349,Romeo@email.com
349,350,Cyrus,password350,Cyrus@email.com
350,351,Ismael,password351,Ismael@email.com
351,352,Russell,password352,Russell@email.com
352,353,Tyson,password353,Tyson@email.com
353,354,Edwin,password354,Edwin@email.com
354,355,Desmond,password355,Desmond@email.com
355,356,Nasir,password356,Nasir@email.com
356,357,Remy,password357,Remy@email.com
357,358,Tanner,password358,Tanner@email.com
358,359,Fernando,password359,Fernando@email.com
359,360,Hector,password360,Hector@email.com
360,361,Titus,password361,Titus@email.com
361,362,Lawson,password362,Lawson@email.com
362,363,Sean,password363,Sean@email.com
363,364,Kyle,password364,Kyle@email.com
364,365,Elian,password365,Elian@email.com
365,366,Corbin,password366,Corbin@email.com
366,367,Bowen,password367,Bowen@email.com
367,368,Wilder,password368,Wilder@email.com
368,369,Armani,password369,Armani@email.com
369,370,Royal,password370,Royal@email.com
370,371,Stetson,password371,Stetson@email.com
371,372,Briggs,password372,Briggs@email.com
372,373,Sullivan,password373,Sullivan@email.com
373,374,Leonel,password374,Leonel@email.com
374,375,Callan,password375,Callan@email.com
375,376,Finnegan,password376,Finnegan@email.com
376,377,Jay,password377,Jay@email.com
377,378,Zayne,password378,Zayne@email.com
378,379,Marshall,password379,Marshall@email.com
379,380,Kade,password380,Kade@email.com
380,381,Travis,password381,Travis@email.com
381,382,Sterling,password382,Sterling@email.com
382,383,Raiden,password383,Raiden@email.com
383,384,Sergio,password384,Sergio@email.com
384,385,Tatum,password385,Tatum@email.com
385,386,Cesar,password386,Cesar@email.com
386,387,Zyaire,password387,Zyaire@email.com
387,388,Milan,password388,Milan@email.com
388,389,Devin,password389,Devin@email.com
389,390,Gianni,password390,Gianni@email.com
390,391,Kamari,password391,Kamari@email.com
391,392,Royce,password392,Royce@email.com
392,393,Malik,password393,Malik@email.com
393,394,Jared,password394,Jared@email.com
394,395,Franklin,password395,Franklin@email.com
395,396,Clark,password396,Clark@email.com
396,397,Noel,password397,Noel@email.com
397,398,Marco,password398,Marco@email.com
398,399,Archie,password399,Archie@email.com
399,400,Apollo,password400,Apollo@email.com
400,401,Pablo,password401,Pablo@email.com
401,402,Garrett,password402,Garrett@email.com
402,403,Oakley,password403,Oakley@email.com
403,404,Memphis,password404,Memphis@email.com
404,405,Quinn,password405,Quinn@email.com
405,406,Onyx,password406,Onyx@email.com
406,407,Alijah,password407,Alijah@email.com
407,408,Baylor,password408,Baylor@email.com
408,409,Edgar,password409,Edgar@email.com
409,410,Nehemiah,password410,Nehemiah@email.com
410,411,Winston,password411,Winston@email.com
411,412,Major,password412,Major@email.com
412,413,Rhys,password413,Rhys@email.com
413,414,Forrest,password414,Forrest@email.com
414,415,Jaiden,password415,Jaiden@email.com
415,416,Reed,password416,Reed@email.com
416,417,Santino,password417,Santino@email.com
417,418,Troy,password418,Troy@email.com
418,419,Caiden,password419,Caiden@email.com
419,420,Harvey,password420,Harvey@email.com
420,421,Collin,password421,Collin@email.com
421,422,Solomon,password422,Solomon@email.com
422,423,Donovan,password423,Donovan@email.com
423,424,Damon,password424,Damon@email.com
424,425,Jeffrey,password425,Jeffrey@email.com
425,426,Kason,password426,Kason@email.com
426,427,Sage,password427,Sage@email.com
427,428,Grady,password428,Grady@email.com
428,429,Kendrick,password429,Kendrick@email.com
429,430,Leland,password430,Leland@email.com
430,431,Luciano,password431,Luciano@email.com
431,432,Pedro,password432,Pedro@email.com
432,433,Hank,password433,Hank@email.com
433,434,Hugo,password434,Hugo@email.com
434,435,Esteban,password435,Esteban@email.com
435,436,Johnny,password436,Johnny@email.com
436,437,Kashton,password437,Kashton@email.com
437,438,Ronin,password438,Ronin@email.com
438,439,Ford,password439,Ford@email.com
439,440,Mathias,password440,Mathias@email.com
440,441,Porter,password441,Porter@email.com
441,442,Erik,password442,Erik@email.com
442,443,Johnathan,password443,Johnathan@email.com
443,444,Frank,password444,Frank@email.com
444,445,Tripp,password445,Tripp@email.com
445,446,Casey,password446,Casey@email.com
446,447,Fabian,password447,Fabian@email.com
447,448,Leonidas,password448,Leonidas@email.com
448,449,Baker,password449,Baker@email.com
449,450,Matthias,password450,Matthias@email.com
450,451,Philip,password451,Philip@email.com
451,452,Jayceon,password452,Jayceon@email.com
452,453,Kian,password453,Kian@email.com
453,454,Saint,password454,Saint@email.com
454,455,Ibrahim,password455,Ibrahim@email.com
455,456,Jaxton,password456,Jaxton@email.com
456,457,Augustus,password457,Augustus@email.com
457,458,Callen,password458,Callen@email.com
458,459,Trevor,password459,Trevor@email.com
459,460,Ruben,password460,Ruben@email.com
460,461,Adan,password461,Adan@email.com
461,462,Conor,password462,Conor@email.com
462,463,Dax,password463,Dax@email.com
463,464,Braylen,password464,Braylen@email.com
464,465,Kaison,password465,Kaison@email.com
465,466,Francis,password466,Francis@email.com
466,467,Kyson,password467,Kyson@email.com
467,468,Andy,password468,Andy@email.com
468,469,Lucca,password469,Lucca@email.com
469,470,Mack,password470,Mack@email.com
470,471,Peyton,password471,Peyton@email.com
471,472,Alexis,password472,Alexis@email.com
472,473,Deacon,password473,Deacon@email.com
473,474,Kasen,password474,Kasen@email.com
474,475,Kamden,password475,Kamden@email.com
475,476,Frederick,password476,Frederick@email.com
476,477,Princeton,password477,Princeton@email.com
477,478,Braylon,password478,Braylon@email.com
478,479,Wells,password479,Wells@email.com
479,480,Nikolai,password480,Nikolai@email.com
480,481,Iker,password481,Iker@email.com
481,482,Bo,password482,Bo@email.com
482,483,Dominick,password483,Dominick@email.com
483,484,Moshe,password484,Moshe@email.com
484,485,Cassius,password485,Cassius@email.com
485,486,Gregory,password486,Gregory@email.com
486,487,Lewis,password487,Lewis@email.com
487,488,Kieran,password488,Kieran@email.com
488,489,Isaias,password489,Isaias@email.com
489,490,Seth,password490,Seth@email.com
490,491,Marcos,password491,Marcos@email.com
491,492,Omari,password492,Omari@email.com
492,493,Shane,password493,Shane@email.com
493,494,Keegan,password494,Keegan@email.com
494,495,Jase,password495,Jase@email.com
495,496,Asa,password496,Asa@email.com
496,497,Sonny,password497,Sonny@email.com
497,498,Uriel,password498,Uriel@email.com
498,499,Pierce,password499,Pierce@email.com
499,500,Jasiah,password500,Jasiah@email.com
500,501,Eden,password501,Eden@email.com
501,502,Rocco,password502,Rocco@email.com
502,503,Banks,password503,Banks@email.com
503,504,Cannon,password504,Cannon@email.com
504,505,Denver,password505,Denver@email.com
505,506,Zaiden,password506,Zaiden@email.com
506,507,Roberto,password507,Roberto@email.com
507,508,Shawn,password508,Shawn@email.com
508,509,Drew,password509,Drew@email.com
509,510,Emanuel,password510,Emanuel@email.com
510,511,Kolton,password511,Kolton@email.com
511,512,Ayaan,password512,Ayaan@email.com
512,513,Ares,password513,Ares@email.com
513,514,Conner,password514,Conner@email.com
514,515,Jalen,password515,Jalen@email.com
515,516,Alonzo,password516,Alonzo@email.com
516,517,Enrique,password517,Enrique@email.com
517,518,Dalton,password518,Dalton@email.com
518,519,Moses,password519,Moses@email.com
519,520,Koda,password520,Koda@email.com
520,521,Bodie,password521,Bodie@email.com
521,522,Jamison,password522,Jamison@email.com
522,523,Phillip,password523,Phillip@email.com
523,524,Zaire,password524,Zaire@email.com
524,525,Jonas,password525,Jonas@email.com
525,526,Kylo,password526,Kylo@email.com
526,527,Moises,password527,Moises@email.com
527,528,Shepherd,password528,Shepherd@email.com
528,529,Allen,password529,Allen@email.com
529,530,Kenzo,password530,Kenzo@email.com
530,531,Mohamed,password531,Mohamed@email.com
531,532,Keanu,password532,Keanu@email.com
532,533,Dexter,password533,Dexter@email.com
533,534,Conrad,password534,Conrad@email.com
534,535,Bruce,password535,Bruce@email.com
535,536,Sylas,password536,Sylas@email.com
536,537,Soren,password537,Soren@email.com
537,538,Raphael,password538,Raphael@email.com
538,539,Rowen,password539,Rowen@email.com
539,540,Gunnar,password540,Gunnar@email.com
540,541,Sutton,password541,Sutton@email.com
541,542,Quentin,password542,Quentin@email.com
542,543,Jaziel,password543,Jaziel@email.com
543,544,Emmitt,password544,Emmitt@email.com
544,545,Makai,password545,Makai@email.com
545,546,Koa,password546,Koa@email.com
546,547,Maximilian,password547,Maximilian@email.com
547,548,Brixton,password548,Brixton@email.com
548,549,Dariel,password549,Dariel@email.com
549,550,Zachariah,password550,Zachariah@email.com
550,551,Roy,password551,Roy@email.com
551,552,Armando,password552,Armando@email.com
552,553,Corey,password553,Corey@email.com
553,554,Saul,password554,Saul@email.com
554,555,Izaiah,password555,Izaiah@email.com
555,556,Danny,password556,Danny@email.com
556,557,Davis,password557,Davis@email.com
557,558,Ridge,password558,Ridge@email.com
558,559,Yusuf,password559,Yusuf@email.com
559,560,Ariel,password560,Ariel@email.com
560,561,Valentino,password561,Valentino@email.com
561,562,Jayson,password562,Jayson@email.com
562,563,Ronald,password563,Ronald@email.com
563,564,Albert,password564,Albert@email.com
564,565,Gerardo,password565,Gerardo@email.com
565,566,Ryland,password566,Ryland@email.com
566,567,Dorian,password567,Dorian@email.com
567,568,Drake,password568,Drake@email.com
568,569,Gage,password569,Gage@email.com
569,570,Rodrigo,password570,Rodrigo@email.com
570,571,Hezekiah,password571,Hezekiah@email.com
571,572,Kylan,password572,Kylan@email.com
572,573,Boone,password573,Boone@email.com
573,574,Ledger,password574,Ledger@email.com
574,575,Santana,password575,Santana@email.com
575,576,Jamari,password576,Jamari@email.com
576,577,Jamir,password577,Jamir@email.com
577,578,Lawrence,password578,Lawrence@email.com
578,579,Reece,password579,Reece@email.com
579,580,Kaysen,password580,Kaysen@email.com
580,581,Shiloh,password581,Shiloh@email.com
581,582,Arjun,password582,Arjun@email.com
582,583,Marcelo,password583,Marcelo@email.com
583,584,Abram,password584,Abram@email.com
584,585,Benson,password585,Benson@email.com
585,586,Huxley,password586,Huxley@email.com
586,587,Nikolas,password587,Nikolas@email.com
587,588,Zain,password588,Zain@email.com
588,589,Kohen,password589,Kohen@email.com
589,590,Samson,password590,Samson@email.com
590,591,Miller,password591,Miller@email.com
591,592,Donald,password592,Donald@email.com
592,593,Finnley,password593,Finnley@email.com
593,594,Kannon,password594,Kannon@email.com
594,595,Lucian,password595,Lucian@email.com
595,596,Watson,password596,Watson@email.com
596,597,Keith,password597,Keith@email.com
597,598,Westin,password598,Westin@email.com
598,599,Tadeo,password599,Tadeo@email.com
599,600,Sincere,password600,Sincere@email.com
600,601,Boston,password601,Boston@email.com
601,602,Axton,password602,Axton@email.com
602,603,Amos,password603,Amos@email.com
603,604,Chandler,password604,Chandler@email.com
604,605,Leandro,password605,Leandro@email.com
605,606,Raul,password606,Raul@email.com
606,607,Scott,password607,Scott@email.com
607,608,Reign,password608,Reign@email.com
608,609,Alessandro,password609,Alessandro@email.com
609,610,Camilo,password610,Camilo@email.com
610,611,Derrick,password611,Derrick@email.com
611,612,Morgan,password612,Morgan@email.com
612,613,Julio,password613,Julio@email.com
613,614,Clay,password614,Clay@email.com
614,615,Edison,password615,Edison@email.com
615,616,Jaime,password616,Jaime@email.com
616,617,Augustine,password617,Augustine@email.com
617,618,Julien,password618,Julien@email.com
618,619,Zeke,password619,Zeke@email.com
619,620,Marvin,password620,Marvin@email.com
620,621,Bellamy,password621,Bellamy@email.com
621,622,Landen,password622,Landen@email.com
622,623,Dustin,password623,Dustin@email.com
623,624,Jamie,password624,Jamie@email.com
624,625,Krew,password625,Krew@email.com
625,626,Kyree,password626,Kyree@email.com
626,627,Colter,password627,Colter@email.com
627,628,Johan,password628,Johan@email.com
628,629,Houston,password629,Houston@email.com
629,630,Layton,password630,Layton@email.com
630,631,Quincy,password631,Quincy@email.com
631,632,Case,password632,Case@email.com
632,633,Atreus,password633,Atreus@email.com
633,634,Cayson,password634,Cayson@email.com
634,635,Aarav,password635,Aarav@email.com
635,636,Darius,password636,Darius@email.com
636,637,Harlan,password637,Harlan@email.com
637,638,Justice,password638,Justice@email.com
638,639,Abdiel,password639,Abdiel@email.com
639,640,Layne,password640,Layne@email.com
640,641,Raylan,password641,Raylan@email.com
641,642,Arturo,password642,Arturo@email.com
642,643,Taylor,password643,Taylor@email.com
643,644,Anakin,password644,Anakin@email.com
644,645,Ander,password645,Ander@email.com
645,646,Hamza,password646,Hamza@email.com
646,647,Otis,password647,Otis@email.com
647,648,Azariah,password648,Azariah@email.com
648,649,Leonard,password649,Leonard@email.com
649,650,Colby,password650,Colby@email.com
650,651,Duke,password651,Duke@email.com
651,652,Flynn,password652,Flynn@email.com
652,653,Trey,password653,Trey@email.com
653,654,Gustavo,password654,Gustavo@email.com
654,655,Fletcher,password655,Fletcher@email.com
655,656,Issac,password656,Issac@email.com
656,657,Sam,password657,Sam@email.com
657,658,Trenton,password658,Trenton@email.com
658,659,Callahan,password659,Callahan@email.com
659,660,Chris,password660,Chris@email.com
660,661,Mohammad,password661,Mohammad@email.com
661,662,Rayan,password662,Rayan@email.com
662,663,Lionel,password663,Lionel@email.com
663,664,Bruno,password664,Bruno@email.com
664,665,Jaxxon,password665,Jaxxon@email.com
665,666,Zaid,password666,Zaid@email.com
666,667,Brycen,password667,Brycen@email.com
667,668,Roland,password668,Roland@email.com
668,669,Dillon,password669,Dillon@email.com
669,670,Lennon,password670,Lennon@email.com
670,671,Ambrose,password671,Ambrose@email.com
671,672,Rio,password672,Rio@email.com
672,673,Mac,password673,Mac@email.com
673,674,Ahmed,password674,Ahmed@email.com
674,675,Samir,password675,Samir@email.com
675,676,Yosef,password676,Yosef@email.com
676,677,Tru,password677,Tru@email.com
677,678,Creed,password678,Creed@email.com
678,679,Tony,password679,Tony@email.com
679,680,Alden,password680,Alden@email.com
680,681,Aden,password681,Aden@email.com
681,682,Alec,password682,Alec@email.com
682,683,Carmelo,password683,Carmelo@email.com
683,684,Dario,password684,Dario@email.com
684,685,Marcel,password685,Marcel@email.com
685,686,Roger,password686,Roger@email.com
686,687,Ty,password687,Ty@email.com
687,688,Ahmad,password688,Ahmad@email.com
688,689,Emir,password689,Emir@email.com
689,690,Landyn,password690,Landyn@email.com
690,691,Skyler,password691,Skyler@email.com
691,692,Mohammed,password692,Mohammed@email.com
692,693,Dennis,password693,Dennis@email.com
693,694,Kareem,password694,Kareem@email.com
694,695,Nixon,password695,Nixon@email.com
695,696,Rex,password696,Rex@email.com
696,697,Uriah,password697,Uriah@email.com
697,698,Lee,password698,Lee@email.com
698,699,Louie,password699,Louie@email.com
699,700,Rayden,password700,Rayden@email.com
700,701,Reese,password701,Reese@email.com
701,702,Alberto,password702,Alberto@email.com
702,703,Cason,password703,Cason@email.com
703,704,Quinton,password704,Quinton@email.com
704,705,Kingsley,password705,Kingsley@email.com
705,706,Chaim,password706,Chaim@email.com
706,707,Alfredo,password707,Alfredo@email.com
707,708,Mauricio,password708,Mauricio@email.com
708,709,Caspian,password709,Caspian@email.com
709,710,Legacy,password710,Legacy@email.com
710,711,Ocean,password711,Ocean@email.com
711,712,Ozzy,password712,Ozzy@email.com
712,713,Briar,password713,Briar@email.com
713,714,Wilson,password714,Wilson@email.com
714,715,Forest,password715,Forest@email.com
715,716,Grey,password716,Grey@email.com
716,717,Joziah,password717,Joziah@email.com
717,718,Salem,password718,Salem@email.com
718,719,Neil,password719,Neil@email.com
719,720,Remi,password720,Remi@email.com
720,721,Bridger,password721,Bridger@email.com
721,722,Harry,password722,Harry@email.com
722,723,Jefferson,password723,Jefferson@email.com
723,724,Lachlan,password724,Lachlan@email.com
724,725,Nelson,password725,Nelson@email.com
725,726,Casen,password726,Casen@email.com
726,727,Salvador,password727,Salvador@email.com
727,728,Magnus,password728,Magnus@email.com
728,729,Tommy,password729,Tommy@email.com
729,730,Marcellus,password730,Marcellus@email.com
730,731,Maximo,password731,Maximo@email.com
731,732,Jerry,password732,Jerry@email.com
732,733,Clyde,password733,Clyde@email.com
733,734,Aron,password734,Aron@email.com
734,735,Keaton,password735,Keaton@email.com
735,736,Eliam,password736,Eliam@email.com
736,737,Lian,password737,Lian@email.com
737,738,Trace,password738,Trace@email.com
738,739,Douglas,password739,Douglas@email.com
739,740,Junior,password740,Junior@email.com
740,741,Titan,password741,Titan@email.com
741,742,Cullen,password742,Cullen@email.com
742,743,Cillian,password743,Cillian@email.com
743,744,Musa,password744,Musa@email.com
744,745,Mylo,password745,Mylo@email.com
745,746,Hugh,password746,Hugh@email.com
746,747,Tomas,password747,Tomas@email.com
747,748,Vincenzo,password748,Vincenzo@email.com
748,749,Westley,password749,Westley@email.com
749,750,Langston,password750,Langston@email.com
750,751,Byron,password751,Byron@email.com
751,752,Kiaan,password752,Kiaan@email.com
752,753,Loyal,password753,Loyal@email.com
753,754,Orlando,password754,Orlando@email.com
754,755,Kyro,password755,Kyro@email.com
755,756,Amias,password756,Amias@email.com
756,757,Amiri,password757,Amiri@email.com
757,758,Jimmy,password758,Jimmy@email.com
758,759,Vicente,password759,Vicente@email.com
759,760,Khari,password760,Khari@email.com
760,761,Brendan,password761,Brendan@email.com
761,762,Rey,password762,Rey@email.com
762,763,Ben,password763,Ben@email.com
763,764,Emery,password764,Emery@email.com
764,765,Zyair,password765,Zyair@email.com
765,766,Bjorn,password766,Bjorn@email.com
766,767,Evander,password767,Evander@email.com
767,768,Ramon,password768,Ramon@email.com
768,769,Alvin,password769,Alvin@email.com
769,770,Ricky,password770,Ricky@email.com
770,771,Jagger,password771,Jagger@email.com
771,772,Brock,password772,Brock@email.com
772,773,Dakari,password773,Dakari@email.com
773,774,Eddie,password774,Eddie@email.com
774,775,Blaze,password775,Blaze@email.com
775,776,Gatlin,password776,Gatlin@email.com
776,777,Alonso,password777,Alonso@email.com
777,778,Curtis,password778,Curtis@email.com
778,779,Kylian,password779,Kylian@email.com
779,780,Nathanael,password780,Nathanael@email.com
780,781,Devon,password781,Devon@email.com
781,782,Wayne,password782,Wayne@email.com
782,783,Zakai,password783,Zakai@email.com
783,784,Mathew,password784,Mathew@email.com
784,785,Rome,password785,Rome@email.com
785,786,Riggs,password786,Riggs@email.com
786,787,Aryan,password787,Aryan@email.com
787,788,Avi,password788,Avi@email.com
788,789,Hassan,password789,Hassan@email.com
789,790,Lochlan,password790,Lochlan@email.com
790,791,Stanley,password791,Stanley@email.com
791,792,Dash,password792,Dash@email.com
792,793,Kaiser,password793,Kaiser@email.com
793,794,Benicio,password794,Benicio@email.com
794,795,Bryant,password795,Bryant@email.com
795,796,Talon,password796,Talon@email.com
796,797,Rohan,password797,Rohan@email.com
797,798,Wesson,password798,Wesson@email.com
798,799,Joe,password799,Joe@email.com
799,800,Noe,password800,Noe@email.com
800,801,Melvin,password801,Melvin@email.com
801,802,Vihaan,password802,Vihaan@email.com
802,803,Zayd,password803,Zayd@email.com
803,804,Darren,password804,Darren@email.com
804,805,Enoch,password805,Enoch@email.com
805,806,Mitchell,password806,Mitchell@email.com
806,807,Jedidiah,password807,Jedidiah@email.com
807,808,Brodie,password808,Brodie@email.com
808,809,Castiel,password809,Castiel@email.com
809,810,Ira,password810,Ira@email.com
810,811,Lance,password811,Lance@email.com
811,812,Guillermo,password812,Guillermo@email.com
812,813,Thatcher,password813,Thatcher@email.com
813,814,Ermias,password814,Ermias@email.com
814,815,Misael,password815,Misael@email.com
815,816,Jakari,password816,Jakari@email.com
816,817,Emory,password817,Emory@email.com
817,818,Mccoy,password818,Mccoy@email.com
818,819,Rudy,password819,Rudy@email.com
819,820,Thaddeus,password820,Thaddeus@email.com
820,821,Valentin,password821,Valentin@email.com
821,822,Yehuda,password822,Yehuda@email.com
822,823,Bode,password823,Bode@email.com
823,824,Madden,password824,Madden@email.com
824,825,Kase,password825,Kase@email.com
825,826,Bear,password826,Bear@email.com
826,827,Boden,password827,Boden@email.com
827,828,Jiraiya,password828,Jiraiya@email.com
828,829,Maurice,password829,Maurice@email.com
829,830,Alvaro,password830,Alvaro@email.com
830,831,Ameer,password831,Ameer@email.com
831,832,Demetrius,password832,Demetrius@email.com
832,833,Eliseo,password833,Eliseo@email.com
833,834,Kabir,password834,Kabir@email.com
834,835,Kellan,password835,Kellan@email.com
835,836,Allan,password836,Allan@email.com
836,837,Azrael,password837,Azrael@email.com
837,838,Calum,password838,Calum@email.com
838,839,Niklaus,password839,Niklaus@email.com
839,840,Ray,password840,Ray@email.com
840,841,Damari,password841,Damari@email.com
841,842,Elio,password842,Elio@email.com
842,843,Jon,password843,Jon@email.com
843,844,Leighton,password844,Leighton@email.com
844,845,Axl,password845,Axl@email.com
845,846,Dane,password846,Dane@email.com
846,847,Eithan,password847,Eithan@email.com
847,848,Eugene,password848,Eugene@email.com
848,849,Kenji,password849,Kenji@email.com
849,850,Jakob,password850,Jakob@email.com
850,851,Colten,password851,Colten@email.com
851,852,Eliel,password852,Eliel@email.com
852,853,Nova,password853,Nova@email.com
853,854,Santos,password854,Santos@email.com
854,855,Zahir,password855,Zahir@email.com
855,856,Idris,password856,Idris@email.com
856,857,Ishaan,password857,Ishaan@email.com
857,858,Kole,password858,Kole@email.com
858,859,Korbin,password859,Korbin@email.com
859,860,Seven,password860,Seven@email.com
860,861,Alaric,password861,Alaric@email.com
861,862,Kellen,password862,Kellen@email.com
862,863,Bronson,password863,Bronson@email.com
863,864,Franco,password864,Franco@email.com
864,865,Wes,password865,Wes@email.com
865,866,Larry,password866,Larry@email.com
866,867,Mekhi,password867,Mekhi@email.com
867,868,Jamal,password868,Jamal@email.com
868,869,Dilan,password869,Dilan@email.com
869,870,Elisha,password870,Elisha@email.com
870,871,Brennan,password871,Brennan@email.com
871,872,Kace,password872,Kace@email.com
872,873,Van,password873,Van@email.com
873,874,Felipe,password874,Felipe@email.com
874,875,Fisher,password875,Fisher@email.com
875,876,Cal,password876,Cal@email.com
876,877,Dior,password877,Dior@email.com
877,878,Judson,password878,Judson@email.com
878,879,Alfonso,password879,Alfonso@email.com
879,880,Deandre,password880,Deandre@email.com
880,881,Rocky,password881,Rocky@email.com
881,882,Henrik,password882,Henrik@email.com
882,883,Reuben,password883,Reuben@email.com
883,884,Anders,password884,Anders@email.com
884,885,Arian,password885,Arian@email.com
885,886,Damir,password886,Damir@email.com
886,887,Jacoby,password887,Jacoby@email.com
887,888,Khalid,password888,Khalid@email.com
888,889,Kye,password889,Kye@email.com
889,890,Mustafa,password890,Mustafa@email.com
890,891,Jadiel,password891,Jadiel@email.com
891,892,Stefan,password892,Stefan@email.com
892,893,Yousef,password893,Yousef@email.com
893,894,Aydin,password894,Aydin@email.com
894,895,Jericho,password895,Jericho@email.com
895,896,Robin,password896,Robin@email.com
896,897,Wallace,password897,Wallace@email.com
897,898,Alistair,password898,Alistair@email.com
898,899,Davion,password899,Davion@email.com
899,900,Alfred,password900,Alfred@email.com
900,901,Ernesto,password901,Ernesto@email.com
901,902,Kyng,password902,Kyng@email.com
902,903,Everest,password903,Everest@email.com
903,904,Gary,password904,Gary@email.com
904,905,Leroy,password905,Leroy@email.com
905,906,Yahir,password906,Yahir@email.com
906,907,Braden,password907,Braden@email.com
907,908,Kelvin,password908,Kelvin@email.com
908,909,Kristian,password909,Kristian@email.com
909,910,Adler,password910,Adler@email.com
910,911,Avyaan,password911,Avyaan@email.com
911,912,Brayan,password912,Brayan@email.com
912,913,Jones,password913,Jones@email.com
913,914,Truett,password914,Truett@email.com
914,915,Aries,password915,Aries@email.com
915,916,Joey,password916,Joey@email.com
916,917,Randy,password917,Randy@email.com
917,918,Jaxx,password918,Jaxx@email.com
918,919,Jesiah,password919,Jesiah@email.com
919,920,Jovanni,password920,Jovanni@email.com
920,921,Azriel,password921,Azriel@email.com
921,922,Brecken,password922,Brecken@email.com
922,923,Harley,password923,Harley@email.com
923,924,Zechariah,password924,Zechariah@email.com
924,925,Gordon,password925,Gordon@email.com
925,926,Jakai,password926,Jakai@email.com
926,927,Carl,password927,Carl@email.com
927,928,Graysen,password928,Graysen@email.com
928,929,Kylen,password929,Kylen@email.com
929,930,Ayan,password930,Ayan@email.com
930,931,Branson,password931,Branson@email.com
931,932,Crosby,password932,Crosby@email.com
932,933,Dominik,password933,Dominik@email.com
933,934,Jabari,password934,Jabari@email.com
934,935,Jaxtyn,password935,Jaxtyn@email.com
935,936,Kristopher,password936,Kristopher@email.com
936,937,Ulises,password937,Ulises@email.com
937,938,Zyon,password938,Zyon@email.com
938,939,Fox,password939,Fox@email.com
939,940,Howard,password940,Howard@email.com
940,941,Salvatore,password941,Salvatore@email.com
941,942,Turner,password942,Turner@email.com
942,943,Vance,password943,Vance@email.com
943,944,Harlem,password944,Harlem@email.com
944,945,Jair,password945,Jair@email.com
945,946,Jakobe,password946,Jakobe@email.com
946,947,Jeremias,password947,Jeremias@email.com
947,948,Osiris,password948,Osiris@email.com
948,949,Azael,password949,Azael@email.com
949,950,Bowie,password950,Bowie@email.com
950,951,Canaan,password951,Canaan@email.com
951,952,Elon,password952,Elon@email.com
952,953,Granger,password953,Granger@email.com
953,954,Karsyn,password954,Karsyn@email.com
954,955,Zavier,password955,Zavier@email.com
955,956,Cain,password956,Cain@email.com
956,957,Dangelo,password957,Dangelo@email.com
957,958,Heath,password958,Heath@email.com
958,959,Yisroel,password959,Yisroel@email.com
959,960,Gian,password960,Gian@email.com
960,961,Shepard,password961,Shepard@email.com
961,962,Harold,password962,Harold@email.com
962,963,Kamdyn,password963,Kamdyn@email.com
963,964,Rene,password964,Rene@email.com
964,965,Rodney,password965,Rodney@email.com
965,966,Yaakov,password966,Yaakov@email.com
966,967,Adrien,password967,Adrien@email.com
967,968,Kartier,password968,Kartier@email.com
968,969,Cassian,password969,Cassian@email.com
969,970,Coleson,password970,Coleson@email.com
970,971,Ahmir,password971,Ahmir@email.com
971,972,Darian,password972,Darian@email.com
972,973,Genesis,password973,Genesis@email.com
973,974,Kalel,password974,Kalel@email.com
974,975,Agustin,password975,Agustin@email.com
975,976,Wylder,password976,Wylder@email.com
976,977,Yadiel,password977,Yadiel@email.com
977,978,Ephraim,password978,Ephraim@email.com
978,979,Kody,password979,Kody@email.com
979,980,Neo,password980,Neo@email.com
980,981,Ignacio,password981,Ignacio@email.com
981,982,Osman,password982,Osman@email.com
982,983,Aldo,password983,Aldo@email.com
983,984,Abdullah,password984,Abdullah@email.com
984,985,Cory,password985,Cory@email.com
985,986,Blaine,password986,Blaine@email.com
986,987,Dimitri,password987,Dimitri@email.com
987,988,Khai,password988,Khai@email.com
988,989,Landry,password989,Landry@email.com
989,990,Palmer,password990,Palmer@email.com
990,991,Benedict,password991,Benedict@email.com
991,992,Leif,password992,Leif@email.com
992,993,Koen,password993,Koen@email.com
993,994,Maxton,password994,Maxton@email.com
994,995,Mordechai,password995,Mordechai@email.com
995,996,Zev,password996,Zev@email.com
996,997,Atharv,password997,Atharv@email.com
997,998,Bishop,password998,Bishop@email.com
998,999,Blaise,password999,Blaise@email.com
999,1000,Davian,password1000,Davian@email.com
